"scenario","tau"
"ssp126",0.215836577236138
"ssp370",0.401273067934478
